id,name,slug,avatarUrl,coverImage,bio,views,subscribers,tags,createdAt,updatedAt
1,Abella Danger,abella-danger,https://static-pornctrcdn.b-cdn.net/models/abella_danger_thumbnl_12.webp,,,0,0,[],2026-07-22 04:12:00,2026-07-22 04:12:00
2,Adriana Chechik,adriana-chechik,https://static-pornctrcdn.b-cdn.net/models/adriana_chechik_thumbnl_18.webp,,,0,0,[],2026-07-22 04:12:00,2026-07-22 04:12:00
3,Angela White,angela-white,https://static-pornctrcdn.b-cdn.net/models/angela_white_thumbnl_15.webp,,,0,0,[],2026-07-22 04:12:00,2026-07-22 04:12:00
4,Anissa Kate,anissa-kate,https://static-pornctrcdn.b-cdn.net/models/anissa_kate_thmbnl_28.webp,,,0,0,[],2026-07-22 04:12:00,2026-07-22 04:12:00
5,Audrey Bitoni,audrey-bitoni,https://static-pornctrcdn.b-cdn.net/models/aurdrey_bitoni_thmbnl_%2034.webp,,,0,0,[],2026-07-22 04:12:00,2026-07-22 04:12:00
6,Ava Addams,ava-addams,https://static-pornctrcdn.b-cdn.net/models/ava_addams_thmbnl_29.webp,,,0,0,[],2026-07-22 04:12:00,2026-07-22 04:12:00
7,Blake Blossom,blake-blossom,https://static-pornctrcdn.b-cdn.net/models/blake_blossom_thumbnl_7.webp,,,0,0,[],2026-07-22 04:12:00,2026-07-22 04:12:00
8,Brandi Love,brandi-love,https://static-pornctrcdn.b-cdn.net/models/brandi_love_thumbnl_2.webp,,,0,0,[],2026-07-22 04:12:00,2026-07-22 04:12:00
9,Chanel Preston,chanel-preston,https://static-pornctrcdn.b-cdn.net/models/chanel_preston_thumbnl_13.webp,,,0,0,[],2026-07-22 04:12:00,2026-07-22 04:12:00
10,Cherie DeVille,cherie-deville,https://static-pornctrcdn.b-cdn.net/models/cherie_deville_thmbnl_38.webp,,,0,0,[],2026-07-22 04:12:00,2026-07-22 04:12:00
11,Cubbi Thompson,cubbi-thompson,https://static-pornctrcdn.b-cdn.net/models/cubbi_thompspn_thumbnl_5.webp,,,0,0,[],2026-07-22 04:12:00,2026-07-22 04:12:00
12,Dani Daniels,dani-daniels,https://static-pornctrcdn.b-cdn.net/models/dani_daniels_thumbnl_17.webp,,,0,0,[],2026-07-22 04:12:00,2026-07-22 04:12:00
13,Ellie Nova,ellie-nova,https://static-pornctrcdn.b-cdn.net/models/ellie_nova_thmbnl_35.webp,,,0,0,[],2026-07-22 04:12:00,2026-07-22 04:12:00
14,Emily Willis,emily-willis,https://static-pornctrcdn.b-cdn.net/models/emily_willis_thumbnl_3.webp,,,0,0,[],2026-07-22 04:12:00,2026-07-22 04:12:00
15,Eva Lovia,eva-lovia,https://static-pornctrcdn.b-cdn.net/models/eva_lovia_thumbnl_24.webp,,,0,0,[],2026-07-22 04:12:00,2026-07-22 04:12:00
16,Eva Notty,eva-notty,https://static-pornctrcdn.b-cdn.net/models/eva_notty_thmbnl_32.webp,,,0,0,[],2026-07-22 04:12:00,2026-07-22 04:12:00
17,Ivy Wolfe,ivy-wolfe,https://static-pornctrcdn.b-cdn.net/models/ivy_wolfe_thmbnl_33.webp,,,0,0,[],2026-07-22 04:12:00,2026-07-22 04:12:00
18,Jane Wilde,jane-wilde,https://static-pornctrcdn.b-cdn.net/models/jane_wilde_thumbnl_22.webp,,,0,0,[],2026-07-22 04:12:00,2026-07-22 04:12:00
19,Jennifer White,jennifer-white,https://static-pornctrcdn.b-cdn.net/models/jennifer_white_thumbnl_21.webp,,,0,0,[],2026-07-22 04:12:00,2026-07-22 04:12:00
20,Jia Lissa,jia-lissa,https://static-pornctrcdn.b-cdn.net/models/jia_lissa_thmbnl_26.webp,,,0,0,[],2026-07-22 04:12:00,2026-07-22 04:12:00
21,Julia Ann,julia-ann,https://static-pornctrcdn.b-cdn.net/models/julia_ann_thmbnl_27.webp,,,0,0,[],2026-07-22 04:12:00,2026-07-22 04:12:00
22,Katana Kombat,katana-kombat,https://static-pornctrcdn.b-cdn.net/models/katana_kombat_thumbnl_4.webp,,,0,0,[],2026-07-22 04:12:00,2026-07-22 04:12:00
23,Kayley Gunner,kayley-gunner,https://static-pornctrcdn.b-cdn.net/models/kayley_gunner_thumbnl_6.webp,,,0,0,[],2026-07-22 04:12:00,2026-07-22 04:12:00
24,Kendra Sunderland,kendra-sunderland,https://static-pornctrcdn.b-cdn.net/models/kendra_sunderland_thmbnl_30.webp,,,0,0,[],2026-07-22 04:12:00,2026-07-22 04:12:00
25,Lana Rhoades,lana-rhoades,https://static-pornctrcdn.b-cdn.net/models/lana_rhoades_thumbnl_11.webp,,,0,0,[],2026-07-22 04:12:00,2026-07-22 04:12:00
26,Leah Gotti,leah-gotti,https://static-pornctrcdn.b-cdn.net/models/leah_gotti_thmbnl_36.webp,,,0,0,[],2026-07-22 04:12:00,2026-07-22 04:12:00
27,Lexi Lore,lexi-lore,https://static-pornctrcdn.b-cdn.net/models/lexi_lore_thmbnl_31.webp,,,0,0,[],2026-07-22 04:12:00,2026-07-22 04:12:00
28,Lisa Ann,lisa-ann,https://static-pornctrcdn.b-cdn.net/models/lisa_ann_thumbnl_9.webp,,,0,0,[],2026-07-22 04:12:00,2026-07-22 04:12:00
29,Luna Star,luna-star,https://static-pornctrcdn.b-cdn.net/models/luna_star_thumbnl_1.webp,,,0,0,[],2026-07-22 04:12:00,2026-07-22 04:12:00
30,Mia Khalifa,mia-khalifa,https://static-pornctrcdn.b-cdn.net/models/mia_khalifa_thumbnl_19.webp,,,0,0,[],2026-07-22 04:12:00,2026-07-22 04:12:00
31,Mia Malkova,mia-malkova,https://static-pornctrcdn.b-cdn.net/models/mia_malkova_thumbnl_20.webp,,,0,0,[],2026-07-22 04:12:00,2026-07-22 04:12:00
32,Nicole Aniston,nicole-aniston,https://static-pornctrcdn.b-cdn.net/models/nicole_aniston_thumbnl_14.webp,,,0,0,[],2026-07-22 04:12:00,2026-07-22 04:12:00
33,Peta Jensen,peta-jensen,https://static-pornctrcdn.b-cdn.net/models/peta_jensen_thmbnl_37.webp,,,0,0,[],2026-07-22 04:12:00,2026-07-22 04:12:00
34,Riley Reid,riley-reid,https://static-pornctrcdn.b-cdn.net/models/riley_reid_thumbnl_10.webp,,,0,0,[],2026-07-22 04:12:00,2026-07-22 04:12:00
35,Savannah Bond,savannah-bond,https://static-pornctrcdn.b-cdn.net/models/savannah_bond_thumbnl_8.webp,,,0,0,[],2026-07-22 04:12:00,2026-07-22 04:12:00
36,Sunny Leone,sunny-leone,https://static-pornctrcdn.b-cdn.net/models/sunny_leone_thumbnl_23.webp,,,0,0,[],2026-07-22 04:12:00,2026-07-22 04:12:00
37,Valentina Nappi,valentina-nappi,https://static-pornctrcdn.b-cdn.net/models/valentina_nappi_thumbnl_16.webp,,,0,0,[],2026-07-22 04:12:00,2026-07-22 04:12:00
38,Victoria June,victoria-june,https://static-pornctrcdn.b-cdn.net/models/victoria_june_thumbnl_(25).webp,,,0,0,[],2026-07-22 04:12:00,2026-07-22 04:12:00